page,list_index,room_id,name,address,visibility,weekly_price,rent_weekly,rent_weekly_number,deposit,deposit_number,maintenance_weekly,maintenance_weekly_number,maintenance_included,maintenance_description,cleaning_fee,cleaning_fee_number,long_term_discount_raw,immediate_move_in_discount_raw,refund_policy
1,0,109699,천호역 5분 복층,서울특별시 강동구 천호동 452-15 미사 아름채아파트 13층 1310,공개,"360,000원","360,000",360000,"330,000원",330000,"80,000",80000,"{""가스"":""포함"",""수도"":""포함"",""전기"":""포함""}",모든 공과금이 관리비에 포함되어 있습니다.,"50,000",50000,"장기 계약 할인 예시 2주 이상 계약 시, 5% 할인 제공 2주 이상 계약 시 5% 할인 즉시 입주 할인 예시 오늘부터 1일 이내 입주 시, 3만 원 할인 제공 3일 이내 입주 시 2만 원 할인 1주 관리비","즉시 입주 할인 예시 오늘부터 1일 이내 입주 시, 3만 원 할인 제공 3일 이내 입주 시 2만 원 할인 1주 관리비 원 / 1주 삼삼엠투는 관리비 정산을 대행하지 않으므로, 평소 관리비를 고려하여 관리비 설정을 추천드립니다. 관리비 포함 항목 가스",보통
1,1,102988,강동역1.5룸 B16,서울특별시 강동구 천호동 560-2 더하임 10층 1006호,공개,"350,000원","350,000",350000,"330,000원",330000,"100,000",100000,"{""가스"":""포함"",""수도"":""포함"",""전기"":""포함""}",모든 공과금은 관리비에 포함됩니다,"80,000",80000,"장기 계약 할인 예시 2주 이상 계약 시, 5% 할인 제공 즉시 입주 할인 예시 오늘부터 1일 이내 입주 시, 3만 원 할인 제공 3일 이내 입주 시 3만 원 할인 1주 관리비 원 / 1주","즉시 입주 할인 예시 오늘부터 1일 이내 입주 시, 3만 원 할인 제공 3일 이내 입주 시 3만 원 할인 1주 관리비 원 / 1주 삼삼엠투는 관리비 정산을 대행하지 않으므로, 평소 관리비를 고려하여 관리비 설정을 추천드립니다. 관리비 포함 항목 가스",강한
1,2,102987,강동역1.5룸 B15,서울특별시 강동구 천호동 560-2 더하임 10층 1005호,공개,"280,000원","280,000",280000,"330,000원",330000,"80,000",80000,"{""가스"":""포함"",""수도"":""포함"",""전기"":""포함""}",모든 공과금은 관리비에 포함됩니다.,"80,000",80000,"장기 계약 할인 예시 2주 이상 계약 시, 5% 할인 제공 2주 이상 계약 시 5% 할인 즉시 입주 할인 예시 오늘부터 1일 이내 입주 시, 3만 원 할인 제공 1주 관리비 원 / 1주","즉시 입주 할인 예시 오늘부터 1일 이내 입주 시, 3만 원 할인 제공 1주 관리비 원 / 1주 삼삼엠투는 관리비 정산을 대행하지 않으므로, 평소 관리비를 고려하여 관리비 설정을 추천드립니다. 관리비 포함 항목 가스 수도",보통
1,3,102985,강동역1.5룸 B14,서울특별시 강동구 천호동 560-2 더하임 10층 1004호,공개,"300,000원","300,000",300000,"330,000원",330000,"80,000",80000,"{""가스"":""포함"",""수도"":""포함"",""전기"":""포함""}",모든 공과금은 관리비에 포함됩니다.,"80,000",80000,"장기 계약 할인 예시 2주 이상 계약 시, 5% 할인 제공 2주 이상 계약 시 5% 할인 즉시 입주 할인 예시 오늘부터 1일 이내 입주 시, 3만 원 할인 제공 1주 관리비 원 / 1주","즉시 입주 할인 예시 오늘부터 1일 이내 입주 시, 3만 원 할인 제공 1주 관리비 원 / 1주 삼삼엠투는 관리비 정산을 대행하지 않으므로, 평소 관리비를 고려하여 관리비 설정을 추천드립니다. 관리비 포함 항목 가스 수도",보통
1,4,101921,미사역 원룸 I1,경기도 하남시 망월동 1135 미사역마이움푸르지오 8층 804호,공개,"320,000원","320,000",320000,"330,000원",330000,"120,000",120000,"{""가스"":""포함"",""수도"":""포함"",""전기"":""포함""}",모든 공과금은 관리비에 포함되어 있습니다.,"50,000",50000,"장기 계약 할인 예시 2주 이상 계약 시, 5% 할인 제공 4주 이상 계약 시 5% 할인 즉시 입주 할인 예시 오늘부터 1일 이내 입주 시, 3만 원 할인 제공 3일 이내 입주 시 3만 원 할인 1주 관리비","즉시 입주 할인 예시 오늘부터 1일 이내 입주 시, 3만 원 할인 제공 3일 이내 입주 시 3만 원 할인 1주 관리비 원 / 1주 삼삼엠투는 관리비 정산을 대행하지 않으므로, 평소 관리비를 고려하여 관리비 설정을 추천드립니다. 관리비 포함 항목 가스",약한
1,5,101292,길동 원룸 C6,서울특별시 강동구 길동 387-5 길동청광플러스원큐브1차 13층 1303,공개,"240,000원","240,000",240000,"330,000원",330000,"80,000",80000,"{""가스"":""포함"",""수도"":""포함"",""전기"":""포함""}",모든 공과금은 관리비에 포함됩니다.,"80,000",80000,"장기 계약 할인 예시 2주 이상 계약 시, 5% 할인 제공 3주 이상 계약 시 5% 할인 즉시 입주 할인 예시 오늘부터 1일 이내 입주 시, 3만 원 할인 제공 오늘 이내 입주 시 2만 원 할인 7일 이내 입주 시","즉시 입주 할인 예시 오늘부터 1일 이내 입주 시, 3만 원 할인 제공 오늘 이내 입주 시 2만 원 할인 7일 이내 입주 시 1만 원 할인 1주 관리비 원 / 1주",보통
1,6,101049,송파 오금 H52,서울특별시 송파구 오금동 133-13 스타팰리스 5층 502호,공개,"180,000원","180,000",180000,"330,000원",330000,"50,000",50000,"{""가스"":""포함"",""수도"":""포함"",""전기"":""포함""}",모든 공과금은 관리비에 포함되어 있습니다. 포함된 항목을 과도하게 사용하는 경우 추가 관리비를 요청할 수 있습니다.,"80,000",80000,"장기 계약 할인 예시 2주 이상 계약 시, 5% 할인 제공 3주 이상 계약 시 5% 할인 즉시 입주 할인 예시 오늘부터 1일 이내 입주 시, 3만 원 할인 제공 오늘 이내 입주 시 2만 원 할인 7일 이내 입주 시","즉시 입주 할인 예시 오늘부터 1일 이내 입주 시, 3만 원 할인 제공 오늘 이내 입주 시 2만 원 할인 7일 이내 입주 시 1만 원 할인 1주 관리비 원 / 1주",약한
1,7,100564,초특가 강동 원룸 D6,서울특별시 강동구 길동 415-16 청광플러스원큐브3차 14층 1412,공개,"280,000원","280,000",280000,"330,000원",330000,"80,000",80000,"{""가스"":""포함"",""수도"":""포함"",""전기"":""포함""}",모든 공과금은 관리비에 포함됩니다.,"80,000",80000,"장기 계약 할인 예시 2주 이상 계약 시, 5% 할인 제공 5주 이상 계약 시 5% 할인 즉시 입주 할인 예시 오늘부터 1일 이내 입주 시, 3만 원 할인 제공 7일 이내 입주 시 1만 원 할인 1주 관리비","즉시 입주 할인 예시 오늘부터 1일 이내 입주 시, 3만 원 할인 제공 7일 이내 입주 시 1만 원 할인 1주 관리비 원 / 1주 삼삼엠투는 관리비 정산을 대행하지 않으므로, 평소 관리비를 고려하여 관리비 설정을 추천드립니다. 관리비 포함 항목 가스",약한
1,8,100428,강동역 1.5룸 B55,서울특별시 강동구 천호동 560-2 더하임 5층 505호,공개,"300,000원","300,000",300000,"330,000원",330000,"80,000",80000,"{""가스"":""포함"",""수도"":""포함"",""전기"":""포함""}",모든 공과금은 관리비에 포함됩니다.,"80,000",80000,"장기 계약 할인 예시 2주 이상 계약 시, 5% 할인 제공 2주 이상 계약 시 5% 할인 즉시 입주 할인 예시 오늘부터 1일 이내 입주 시, 3만 원 할인 제공 1주 관리비 원 / 1주","즉시 입주 할인 예시 오늘부터 1일 이내 입주 시, 3만 원 할인 제공 1주 관리비 원 / 1주 삼삼엠투는 관리비 정산을 대행하지 않으므로, 평소 관리비를 고려하여 관리비 설정을 추천드립니다. 관리비 포함 항목 가스 수도",보통
1,9,100427,강동천호 풀옵션 B54,서울특별시 강동구 천호동 560-2 더하임 5층 504,공개,"280,000원","280,000",280000,"330,000원",330000,"80,000",80000,"{""가스"":""포함"",""수도"":""포함"",""전기"":""포함""}",모든 공과금은 관리비에 포함됩니다.,"80,000",80000,"장기 계약 할인 예시 2주 이상 계약 시, 5% 할인 제공 2주 이상 계약 시 5% 할인 즉시 입주 할인 예시 오늘부터 1일 이내 입주 시, 3만 원 할인 제공 1주 관리비 원 / 1주","즉시 입주 할인 예시 오늘부터 1일 이내 입주 시, 3만 원 할인 제공 1주 관리비 원 / 1주 삼삼엠투는 관리비 정산을 대행하지 않으므로, 평소 관리비를 고려하여 관리비 설정을 추천드립니다. 관리비 포함 항목 가스 수도",보통
2,0,100422,길동역 성심병원 D7,서울특별시 강동구 길동 415-16 청광플러스원큐브3차 14층 1416,공개,"420,000원","420,000",420000,"330,000원",330000,"80,000",80000,"{""가스"":""포함"",""수도"":""포함"",""전기"":""포함""}",모든 공과금은 관리비에 포함됩니다.,"80,000",80000,"장기 계약 할인 예시 2주 이상 계약 시, 5% 할인 제공 5주 이상 계약 시 5% 할인 즉시 입주 할인 예시 오늘부터 1일 이내 입주 시, 3만 원 할인 제공 7일 이내 입주 시 1만 원 할인 1주 관리비","즉시 입주 할인 예시 오늘부터 1일 이내 입주 시, 3만 원 할인 제공 7일 이내 입주 시 1만 원 할인 1주 관리비 원 / 1주 삼삼엠투는 관리비 정산을 대행하지 않으므로, 평소 관리비를 고려하여 관리비 설정을 추천드립니다. 관리비 포함 항목 가스",약한
2,1,99694,"가산, 독산 원룸 L1",서울특별시 금천구 가산동 143-6 3층 328호,공개,"200,000원","200,000",200000,"330,000원",330000,"60,000",60000,"{""가스"":""포함"",""수도"":""포함"",""전기"":""포함""}",모든 공과금이 관리비에 포함되어 있습니다. 포함된 항목을 과도하게 사용하는 경우 추가 관리비를 요청할 수 있습니다.,"70,000",70000,"장기 계약 할인 예시 2주 이상 계약 시, 5% 할인 제공 즉시 입주 할인 예시 오늘부터 1일 이내 입주 시, 3만 원 할인 제공 1주 관리비 원 / 1주 삼삼엠투는 관리비 정산을 대행하지 않으므로, 평소 관리비를 고려하여 관리비 설정을 추천드립니다. 관리비 포함 항목 가스","즉시 입주 할인 예시 오늘부터 1일 이내 입주 시, 3만 원 할인 제공 1주 관리비 원 / 1주 삼삼엠투는 관리비 정산을 대행하지 않으므로, 평소 관리비를 고려하여 관리비 설정을 추천드립니다. 관리비 포함 항목 가스 수도",약한
2,2,99692,2룸2화1다이닝_M2,인천광역시 계양구 작전동 392-1 계양 우림카이저팰리스 3층 203동 308호,공개,"330,000원","330,000",330000,"330,000원",330000,"100,000",100000,"{""가스"":""포함"",""수도"":""포함"",""전기"":""포함""}",모든 공과금이 관리비에 포함되어 있습니다. 포함된 항목을 과도하게 사용하는 경우 추가 관리비를 요청할 수 있습니다.,"100,000",100000,"장기 계약 할인 예시 2주 이상 계약 시, 5% 할인 제공 즉시 입주 할인 예시 오늘부터 1일 이내 입주 시, 3만 원 할인 제공 1주 관리비 원 / 1주 삼삼엠투는 관리비 정산을 대행하지 않으므로, 평소 관리비를 고려하여 관리비 설정을 추천드립니다. 관리비 포함 항목 가스","즉시 입주 할인 예시 오늘부터 1일 이내 입주 시, 3만 원 할인 제공 1주 관리비 원 / 1주 삼삼엠투는 관리비 정산을 대행하지 않으므로, 평소 관리비를 고려하여 관리비 설정을 추천드립니다. 관리비 포함 항목 가스 수도",약한
2,3,99690,올림픽 공원 성내 G3,서울특별시 강동구 성내동 548-4 에스아이팰리스 센트럴성내 6층 602호,공개,"280,000원","280,000",280000,"330,000원",330000,"80,000",80000,"{""가스"":""포함"",""수도"":""포함"",""전기"":""포함""}",모든 공과금이 관리비에 포함되어 있습니다. 포함된 항목을 과도하게 사용하는 경우 추가 관리비를 요청할 수 있습니다.,"100,000",100000,"장기 계약 할인 예시 2주 이상 계약 시, 5% 할인 제공 즉시 입주 할인 예시 오늘부터 1일 이내 입주 시, 3만 원 할인 제공 1주 관리비 원 / 1주 삼삼엠투는 관리비 정산을 대행하지 않으므로, 평소 관리비를 고려하여 관리비 설정을 추천드립니다. 관리비 포함 항목 가스","즉시 입주 할인 예시 오늘부터 1일 이내 입주 시, 3만 원 할인 제공 1주 관리비 원 / 1주 삼삼엠투는 관리비 정산을 대행하지 않으므로, 평소 관리비를 고려하여 관리비 설정을 추천드립니다. 관리비 포함 항목 가스 수도",약한
2,4,96146,V12 대치동 학원가,서울특별시 강남구 대치동 916-38 1층 102,공개,"550,000원","550,000",550000,"330,000원",330000,"80,000",80000,"{""가스"":""포함"",""수도"":""포함"",""전기"":""포함""}",모든 공과금이 관리비에 포함되어 있습니다.,"80,000",80000,"장기 계약 할인 예시 2주 이상 계약 시, 5% 할인 제공 4주 이상 계약 시 10% 할인 즉시 입주 할인 예시 오늘부터 1일 이내 입주 시, 3만 원 할인 제공 5일 이내 입주 시 3만 원 할인 1주 관리비","즉시 입주 할인 예시 오늘부터 1일 이내 입주 시, 3만 원 할인 제공 5일 이내 입주 시 3만 원 할인 1주 관리비 원 / 1주 삼삼엠투는 관리비 정산을 대행하지 않으므로, 평소 관리비를 고려하여 관리비 설정을 추천드립니다. 관리비 포함 항목 가스",강한
2,5,96144,V11 대치 학원투룸,서울특별시 강남구 대치동 916-38 1층 101호,공개,"750,000원","750,000",750000,"330,000원",330000,"100,000",100000,"{""가스"":""포함"",""수도"":""포함"",""전기"":""포함""}",모든 공과금이 관리비에 포함되어 있습니다.,"100,000",100000,"장기 계약 할인 예시 2주 이상 계약 시, 5% 할인 제공 2주 이상 계약 시 5% 할인 즉시 입주 할인 예시 오늘부터 1일 이내 입주 시, 3만 원 할인 제공 3일 이내 입주 시 3만 원 할인 1주 관리비","즉시 입주 할인 예시 오늘부터 1일 이내 입주 시, 3만 원 할인 제공 3일 이내 입주 시 3만 원 할인 1주 관리비 원 / 1주 삼삼엠투는 관리비 정산을 대행하지 않으므로, 평소 관리비를 고려하여 관리비 설정을 추천드립니다. 관리비 포함 항목 가스",강한
2,6,94502,V13 대치동 아늑방,서울특별시 강남구 대치동 916-38 1층 103호,공개,"450,000원","450,000",450000,"330,000원",330000,"90,000",90000,"{""가스"":""포함"",""수도"":""포함"",""전기"":""포함""}",모든 공과금이 관리비에 포함되어 있습니다. 포함된 항목을 과도하게 사용하는 경우 추가 관리비를 요청할 수 있습니다.,"80,000",80000,"장기 계약 할인 예시 2주 이상 계약 시, 5% 할인 제공 즉시 입주 할인 예시 오늘부터 1일 이내 입주 시, 3만 원 할인 제공 3일 이내 입주 시 3만 원 할인 1주 관리비 원 / 1주","즉시 입주 할인 예시 오늘부터 1일 이내 입주 시, 3만 원 할인 제공 3일 이내 입주 시 3만 원 할인 1주 관리비 원 / 1주 삼삼엠투는 관리비 정산을 대행하지 않으므로, 평소 관리비를 고려하여 관리비 설정을 추천드립니다. 관리비 포함 항목 가스",강한
2,7,92286,계양 2룸 풀옵션,인천광역시 계양구 작전동 386-15 벧엘하이츠빌라 2층 202호,공개,"100,000원","100,000",100000,"330,000원",330000,"120,000",120000,"{""가스"":""포함"",""수도"":""포함"",""전기"":""포함""}",모든 공과금은 관리비에 포함되어 있습니다. 포함된 항목을 과도하게 사용하는 경우 추가 관리비가 청구됩니다,"120,000",120000,"장기 계약 할인 예시 2주 이상 계약 시, 5% 할인 제공 즉시 입주 할인 예시 오늘부터 1일 이내 입주 시, 3만 원 할인 제공 1주 관리비 원 / 1주 삼삼엠투는 관리비 정산을 대행하지 않으므로, 평소 관리비를 고려하여 관리비 설정을 추천드립니다. 관리비 포함 항목 가스","즉시 입주 할인 예시 오늘부터 1일 이내 입주 시, 3만 원 할인 제공 1주 관리비 원 / 1주 삼삼엠투는 관리비 정산을 대행하지 않으므로, 평소 관리비를 고려하여 관리비 설정을 추천드립니다. 관리비 포함 항목 가스 수도",약한
2,8,92284,작전동 3룸2화,인천광역시 계양구 작전동 392-1 계양 우림카이저팰리스 12층 101동 1204호,공개,"380,000원","380,000",380000,"330,000원",330000,"50,000",50000,"{""가스"":""포함"",""수도"":""포함"",""전기"":""포함""}",모든 공과금은 관리비에 포함되어 있습니다. 포함된 항목을 과도하게 사용하는 경우 추가 관리비를 요청할 수 있습니다.,"50,000",50000,"장기 계약 할인 예시 2주 이상 계약 시, 5% 할인 제공 즉시 입주 할인 예시 오늘부터 1일 이내 입주 시, 3만 원 할인 제공 1주 관리비 원 / 1주 삼삼엠투는 관리비 정산을 대행하지 않으므로, 평소 관리비를 고려하여 관리비 설정을 추천드립니다. 관리비 포함 항목 가스","즉시 입주 할인 예시 오늘부터 1일 이내 입주 시, 3만 원 할인 제공 1주 관리비 원 / 1주 삼삼엠투는 관리비 정산을 대행하지 않으므로, 평소 관리비를 고려하여 관리비 설정을 추천드립니다. 관리비 포함 항목 가스 수도",약한
2,9,91762,강동역 1.5룸 B46,서울특별시 강동구 천호동 560-2 더하임 4층 406,공개,"380,000원","380,000",380000,"330,000원",330000,"100,000",100000,"{""가스"":""포함"",""수도"":""포함"",""전기"":""포함""}",모든 공과금은 관리비에 포함됩니다,"80,000",80000,"장기 계약 할인 예시 2주 이상 계약 시, 5% 할인 제공 즉시 입주 할인 예시 오늘부터 1일 이내 입주 시, 3만 원 할인 제공 3일 이내 입주 시 3만 원 할인 1주 관리비 원 / 1주","즉시 입주 할인 예시 오늘부터 1일 이내 입주 시, 3만 원 할인 제공 3일 이내 입주 시 3만 원 할인 1주 관리비 원 / 1주 삼삼엠투는 관리비 정산을 대행하지 않으므로, 평소 관리비를 고려하여 관리비 설정을 추천드립니다. 관리비 포함 항목 가스",강한
3,0,90691,강동역 1.5룸 B64,서울특별시 강동구 천호동 560-2 더하임 6층 604호,공개,"280,000원","280,000",280000,"330,000원",330000,"80,000",80000,"{""가스"":""포함"",""수도"":""포함"",""전기"":""포함""}",모든 공과금은 관리비에 포함됩니다.,"80,000",80000,"장기 계약 할인 예시 2주 이상 계약 시, 5% 할인 제공 2주 이상 계약 시 5% 할인 즉시 입주 할인 예시 오늘부터 1일 이내 입주 시, 3만 원 할인 제공 1주 관리비 원 / 1주","즉시 입주 할인 예시 오늘부터 1일 이내 입주 시, 3만 원 할인 제공 1주 관리비 원 / 1주 삼삼엠투는 관리비 정산을 대행하지 않으므로, 평소 관리비를 고려하여 관리비 설정을 추천드립니다. 관리비 포함 항목 가스 수도",보통
3,1,90066,서울역 특가 2룸 L5,서울특별시 중구 만리동1가 35-2 하람휴 11층 1001호,공개,"600,000원","600,000",600000,"330,000원",330000,"100,000",100000,"{""가스"":""포함"",""수도"":""포함"",""전기"":""포함""}",모든 공과금은 관리비에 포함됩니다. (주차비 제외) 전기와 가스를 과도하게 사용할 경우 퇴실 후 추가요금이 청구될 수 있습니다.,"100,000",100000,"장기 계약 할인 예시 2주 이상 계약 시, 5% 할인 제공 즉시 입주 할인 예시 오늘부터 1일 이내 입주 시, 3만 원 할인 제공 1주 관리비 원 / 1주 삼삼엠투는 관리비 정산을 대행하지 않으므로, 평소 관리비를 고려하여 관리비 설정을 추천드립니다. 관리비 포함 항목 가스","즉시 입주 할인 예시 오늘부터 1일 이내 입주 시, 3만 원 할인 제공 1주 관리비 원 / 1주 삼삼엠투는 관리비 정산을 대행하지 않으므로, 평소 관리비를 고려하여 관리비 설정을 추천드립니다. 관리비 포함 항목 가스 수도",보통
3,2,88922,3월특가 2룸 U34,서울특별시 강동구 천호동 167-160 3층 성우 304호,공개,"400,000원","400,000",400000,"330,000원",330000,"80,000",80000,"{""가스"":""포함"",""수도"":""포함"",""전기"":""포함""}",모든 공과금은 관리비에 포함됩니다. 과도한 공과금은 청구 될 수 있습니다.,"100,000",100000,"장기 계약 할인 예시 2주 이상 계약 시, 5% 할인 제공 2주 이상 계약 시 5% 할인 즉시 입주 할인 예시 오늘부터 1일 이내 입주 시, 3만 원 할인 제공 오늘 이내 입주 시 3만 원 할인 7일 이내 입주 시","즉시 입주 할인 예시 오늘부터 1일 이내 입주 시, 3만 원 할인 제공 오늘 이내 입주 시 3만 원 할인 7일 이내 입주 시 2만 원 할인 1주 관리비 원 / 1주",강한
3,3,88901,강동역 2룸 U51,서울특별시 강동구 천호동 167-160 5층 성우 501호,공개,"400,000원","400,000",400000,"330,000원",330000,"100,000",100000,"{""가스"":""포함"",""수도"":""포함"",""전기"":""포함""}",모든 공과금은 관리비에 포함됩니다. 과도한 공과금은 청구 될 수 있습니다.,"100,000",100000,"장기 계약 할인 예시 2주 이상 계약 시, 5% 할인 제공 2주 이상 계약 시 5% 할인 즉시 입주 할인 예시 오늘부터 1일 이내 입주 시, 3만 원 할인 제공 오늘 이내 입주 시 3만 원 할인 7일 이내 입주 시","즉시 입주 할인 예시 오늘부터 1일 이내 입주 시, 3만 원 할인 제공 오늘 이내 입주 시 3만 원 할인 7일 이내 입주 시 2만 원 할인 1주 관리비 원 / 1주",강한
3,4,88745,신림동 2룸,서울특별시 관악구 신림동 408-46 가온빌 2층 102호,공개,"200,000원","200,000",200000,"330,000원",330000,"100,000",100000,"{""가스"":""포함"",""수도"":""포함"",""전기"":""포함""}",모든 공과금 포합입니다.,"50,000",50000,"장기 계약 할인 예시 2주 이상 계약 시, 5% 할인 제공 2주 이상 계약 시 5% 할인 즉시 입주 할인 예시 오늘부터 1일 이내 입주 시, 3만 원 할인 제공 오늘 이내 입주 시 1만 원 할인 1주 관리비","즉시 입주 할인 예시 오늘부터 1일 이내 입주 시, 3만 원 할인 제공 오늘 이내 입주 시 1만 원 할인 1주 관리비 원 / 1주 삼삼엠투는 관리비 정산을 대행하지 않으므로, 평소 관리비를 고려하여 관리비 설정을 추천드립니다. 관리비 포함 항목 가스",보통
3,5,88290,강동역 1.5룸 B76,서울특별시 강동구 천호동 560-2 더하임 3층 306,공개,"380,000원","380,000",380000,"330,000원",330000,"100,000",100000,"{""가스"":""포함"",""수도"":""포함"",""전기"":""포함""}",모든 공과금은 관리비에 포함됩니다.,"80,000",80000,"장기 계약 할인 예시 2주 이상 계약 시, 5% 할인 제공 3주 이상 계약 시 5% 할인 즉시 입주 할인 예시 오늘부터 1일 이내 입주 시, 3만 원 할인 제공 오늘 이내 입주 시 3만 원 할인 7일 이내 입주 시","즉시 입주 할인 예시 오늘부터 1일 이내 입주 시, 3만 원 할인 제공 오늘 이내 입주 시 3만 원 할인 7일 이내 입주 시 2만 원 할인 1주 관리비 원 / 1주",약한
3,6,88289,강동역 2베드 B56,서울특별시 강동구 천호동 560-2 더하임 5층 506,공개,"380,000원","380,000",380000,"330,000원",330000,"100,000",100000,"{""가스"":""포함"",""수도"":""포함"",""전기"":""포함""}",모든 공과금은 관리비에 포함됩니다.,"80,000",80000,"장기 계약 할인 예시 2주 이상 계약 시, 5% 할인 제공 3주 이상 계약 시 5% 할인 즉시 입주 할인 예시 오늘부터 1일 이내 입주 시, 3만 원 할인 제공 오늘 이내 입주 시 3만 원 할인 7일 이내 입주 시","즉시 입주 할인 예시 오늘부터 1일 이내 입주 시, 3만 원 할인 제공 오늘 이내 입주 시 3만 원 할인 7일 이내 입주 시 2만 원 할인 1주 관리비 원 / 1주",약한
3,7,83771,강동역 2룸 U31,서울특별시 강동구 천호동 167-160 3층 성우 301호,공개,"400,000원","400,000",400000,"330,000원",330000,"100,000",100000,"{""가스"":""포함"",""수도"":""포함"",""전기"":""포함""}",모든 공과금은 관리비에 포함됩니다. 과도한 공과금은 청구 될 수 있습니다.,"100,000",100000,"장기 계약 할인 예시 2주 이상 계약 시, 5% 할인 제공 2주 이상 계약 시 5% 할인 즉시 입주 할인 예시 오늘부터 1일 이내 입주 시, 3만 원 할인 제공 오늘 이내 입주 시 3만 원 할인 7일 이내 입주 시","즉시 입주 할인 예시 오늘부터 1일 이내 입주 시, 3만 원 할인 제공 오늘 이내 입주 시 3만 원 할인 7일 이내 입주 시 2만 원 할인 1주 관리비 원 / 1주",강한
3,8,83484,서울역 3월특가 L2,서울특별시 중구 만리동1가 35-2 하람휴 9층 하람휴 902호,공개,"600,000원","600,000",600000,"330,000원",330000,"100,000",100000,"{""가스"":""포함"",""수도"":""포함"",""전기"":""포함""}",모든 공과금은 관리비에 포함됩니다. (주차비 제외) 전기와 가스를 과도하게 사용할 경우 퇴실 후 추가요금이 청구될 수 있습니다.,"100,000",100000,"장기 계약 할인 예시 2주 이상 계약 시, 5% 할인 제공 4주 이상 계약 시 5% 할인 즉시 입주 할인 예시 오늘부터 1일 이내 입주 시, 3만 원 할인 제공 7일 이내 입주 시 1만 원 할인 1주 관리비","즉시 입주 할인 예시 오늘부터 1일 이내 입주 시, 3만 원 할인 제공 7일 이내 입주 시 1만 원 할인 1주 관리비 원 / 1주 삼삼엠투는 관리비 정산을 대행하지 않으므로, 평소 관리비를 고려하여 관리비 설정을 추천드립니다. 관리비 포함 항목 가스",보통
3,9,83326,강동역 3룸 U42,서울특별시 강동구 천호동 167-160 4층 성우 402호,공개,"750,000원","750,000",750000,"330,000원",330000,"130,000",130000,"{""가스"":""포함"",""수도"":""포함"",""전기"":""포함""}",모든 공과금이 포함되어 있습니다. 과도한 공과금 청구 될 수 있습니다.,"100,000",100000,"장기 계약 할인 예시 2주 이상 계약 시, 5% 할인 제공 3주 이상 계약 시 5% 할인 즉시 입주 할인 예시 오늘부터 1일 이내 입주 시, 3만 원 할인 제공 오늘 이내 입주 시 3만 원 할인 7일 이내 입주 시","즉시 입주 할인 예시 오늘부터 1일 이내 입주 시, 3만 원 할인 제공 오늘 이내 입주 시 3만 원 할인 7일 이내 입주 시 2만 원 할인 1주 관리비 원 / 1주",보통
4,0,83325,길동 고급 T66,서울특별시 강동구 길동 386-4 에스아이팰리스 강동센텀2 6층 606,공개,"400,000원","400,000",400000,"330,000원",330000,"80,000",80000,"{""가스"":""포함"",""수도"":""포함"",""전기"":""포함""}",모든 관리비 포함,"100,000",100000,"장기 계약 할인 예시 2주 이상 계약 시, 5% 할인 제공 4주 이상 계약 시 5% 할인 즉시 입주 할인 예시 오늘부터 1일 이내 입주 시, 3만 원 할인 제공 오늘 이내 입주 시 3만 원 할인 7일 이내 입주 시","즉시 입주 할인 예시 오늘부터 1일 이내 입주 시, 3만 원 할인 제공 오늘 이내 입주 시 3만 원 할인 7일 이내 입주 시 2만 원 할인 1주 관리비 원 / 1주",보통
4,1,82633,은평구 2룸 풀옵 l4,서울특별시 은평구 갈현동 490-2 나비드빌 2층 203호,비공개,"280,000원","280,000",280000,"330,000원",330000,"50,000",50000,"{""가스"":""포함"",""수도"":""포함"",""전기"":""포함""}",모든 공과금은 관리비에 포함되어 있습니다. 전기와 가스를 과도하게 사용할 경우 퇴실시 추가요금이 청구될 수 있습니다.,"100,000",100000,"장기 계약 할인 예시 2주 이상 계약 시, 5% 할인 제공 4주 이상 계약 시 5% 할인 즉시 입주 할인 예시 오늘부터 1일 이내 입주 시, 3만 원 할인 제공 7일 이내 입주 시 1만 원 할인 1주 관리비","즉시 입주 할인 예시 오늘부터 1일 이내 입주 시, 3만 원 할인 제공 7일 이내 입주 시 1만 원 할인 1주 관리비 원 / 1주 삼삼엠투는 관리비 정산을 대행하지 않으므로, 평소 관리비를 고려하여 관리비 설정을 추천드립니다. 관리비 포함 항목 가스",보통
4,2,82627,서울역 편안한투룸 L3,서울특별시 중구 만리동1가 35-2 하람휴 11층 1102호,공개,"700,000원","700,000",700000,"330,000원",330000,"100,000",100000,"{""가스"":""포함"",""수도"":""포함"",""전기"":""포함""}",모든 공과금은 관리비에 포함됩니다. (주차비 제외) 전기와 가스를 과도하게 사용할 경우 퇴실 후 추가요금이 청구될 수 있습니다.,"100,000",100000,"장기 계약 할인 예시 2주 이상 계약 시, 5% 할인 제공 4주 이상 계약 시 5% 할인 즉시 입주 할인 예시 오늘부터 1일 이내 입주 시, 3만 원 할인 제공 7일 이내 입주 시 1만 원 할인 1주 관리비","즉시 입주 할인 예시 오늘부터 1일 이내 입주 시, 3만 원 할인 제공 7일 이내 입주 시 1만 원 할인 1주 관리비 원 / 1주 삼삼엠투는 관리비 정산을 대행하지 않으므로, 평소 관리비를 고려하여 관리비 설정을 추천드립니다. 관리비 포함 항목 가스",보통
4,3,82231,초특가 송파오금 H33,서울특별시 송파구 오금동 133-13 스타팰리스 3층 303,공개,"200,000원","200,000",200000,"330,000원",330000,"80,000",80000,"{""가스"":""포함"",""수도"":""포함"",""전기"":""포함""}",모든 공과금 포함,"80,000",80000,"장기 계약 할인 예시 2주 이상 계약 시, 5% 할인 제공 3주 이상 계약 시 5% 할인 즉시 입주 할인 예시 오늘부터 1일 이내 입주 시, 3만 원 할인 제공 5일 이내 입주 시 1만 원 할인 1주 관리비","즉시 입주 할인 예시 오늘부터 1일 이내 입주 시, 3만 원 할인 제공 5일 이내 입주 시 1만 원 할인 1주 관리비 원 / 1주 삼삼엠투는 관리비 정산을 대행하지 않으므로, 평소 관리비를 고려하여 관리비 설정을 추천드립니다. 관리비 포함 항목 가스",약한
4,4,81523,장안동 원룸 K3,서울특별시 동대문구 장안동 372-5 장안 NEW CITY 14층 1413호,공개,"280,000원","280,000",280000,"330,000원",330000,"80,000",80000,"{""가스"":""포함"",""수도"":""포함"",""전기"":""포함""}",모든 공과금 포함입니다.,"80,000",80000,"장기 계약 할인 예시 2주 이상 계약 시, 5% 할인 제공 4주 이상 계약 시 5% 할인 즉시 입주 할인 예시 오늘부터 1일 이내 입주 시, 3만 원 할인 제공 7일 이내 입주 시 1만 원 할인 1주 관리비","즉시 입주 할인 예시 오늘부터 1일 이내 입주 시, 3만 원 할인 제공 7일 이내 입주 시 1만 원 할인 1주 관리비 원 / 1주 삼삼엠투는 관리비 정산을 대행하지 않으므로, 평소 관리비를 고려하여 관리비 설정을 추천드립니다. 관리비 포함 항목 가스",보통
4,5,81517,강동역 원룸 A92,서울특별시 강동구 천호동 167-157 예건네스빌 9층 902호,공개,"250,000원","250,000",250000,"330,000원",330000,"70,000",70000,"{""가스"":""포함"",""수도"":""포함"",""전기"":""포함""}",모든 공과금은 관리비에 포함됩니다,"70,000",70000,"장기 계약 할인 예시 2주 이상 계약 시, 5% 할인 제공 3주 이상 계약 시 5% 할인 즉시 입주 할인 예시 오늘부터 1일 이내 입주 시, 3만 원 할인 제공 7일 이내 입주 시 2만 원 할인 1주 관리비","즉시 입주 할인 예시 오늘부터 1일 이내 입주 시, 3만 원 할인 제공 7일 이내 입주 시 2만 원 할인 1주 관리비 원 / 1주 삼삼엠투는 관리비 정산을 대행하지 않으므로, 평소 관리비를 고려하여 관리비 설정을 추천드립니다. 관리비 포함 항목 가스",약한
4,6,81225,강동역 2룸 U94,서울특별시 강동구 천호동 167-160 9층 성우 904호,공개,"450,000원","450,000",450000,"330,000원",330000,"85,000",85000,"{""가스"":""포함"",""수도"":""포함"",""전기"":""포함""}",모든 공과금은 관리비에 포함됩니다. 과도한 공과금은 청구 될 수 있습니다.,"80,000",80000,"장기 계약 할인 예시 2주 이상 계약 시, 5% 할인 제공 2주 이상 계약 시 5% 할인 즉시 입주 할인 예시 오늘부터 1일 이내 입주 시, 3만 원 할인 제공 오늘 이내 입주 시 2만 원 할인 7일 이내 입주 시","즉시 입주 할인 예시 오늘부터 1일 이내 입주 시, 3만 원 할인 제공 오늘 이내 입주 시 2만 원 할인 7일 이내 입주 시 1만 원 할인 1주 관리비 원 / 1주",약한
4,7,80470,길동강동 B9,서울특별시 강동구 길동 386-8 8층 은성 806호,공개,"240,000원","240,000",240000,"330,000원",330000,"100,000",100000,"{""가스"":""포함"",""수도"":""포함"",""전기"":""포함""}",모든 공과금은 관리비에 포함됩니다.,"50,000",50000,"장기 계약 할인 예시 2주 이상 계약 시, 5% 할인 제공 3주 이상 계약 시 5% 할인 즉시 입주 할인 예시 오늘부터 1일 이내 입주 시, 3만 원 할인 제공 오늘 이내 입주 시 3만 원 할인 7일 이내 입주 시","즉시 입주 할인 예시 오늘부터 1일 이내 입주 시, 3만 원 할인 제공 오늘 이내 입주 시 3만 원 할인 7일 이내 입주 시 2만 원 할인 1주 관리비 원 / 1주",약한
4,8,80128,길동역 원룸 E4,서울특별시 강동구 길동 457-1 강동렘브란트 5층 506,공개,"250,000원","250,000",250000,"330,000원",330000,"80,000",80000,"{""가스"":""포함"",""수도"":""포함"",""전기"":""포함""}",모든 공과금 포함,"80,000",80000,"장기 계약 할인 예시 2주 이상 계약 시, 5% 할인 제공 5주 이상 계약 시 5% 할인 즉시 입주 할인 예시 오늘부터 1일 이내 입주 시, 3만 원 할인 제공 7일 이내 입주 시 1만 원 할인 1주 관리비","즉시 입주 할인 예시 오늘부터 1일 이내 입주 시, 3만 원 할인 제공 7일 이내 입주 시 1만 원 할인 1주 관리비 원 / 1주 삼삼엠투는 관리비 정산을 대행하지 않으므로, 평소 관리비를 고려하여 관리비 설정을 추천드립니다. 관리비 포함 항목 가스",보통
4,9,80123,길동역 원룸 E3,서울특별시 강동구 길동 457-1 강동렘브란트 2층 204,공개,"250,000원","250,000",250000,"330,000원",330000,"80,000",80000,"{""가스"":""포함"",""수도"":""포함"",""전기"":""포함""}",모든 공과금 포함,"60,000",60000,"장기 계약 할인 예시 2주 이상 계약 시, 5% 할인 제공 5주 이상 계약 시 5% 할인 즉시 입주 할인 예시 오늘부터 1일 이내 입주 시, 3만 원 할인 제공 7일 이내 입주 시 1만 원 할인 1주 관리비","즉시 입주 할인 예시 오늘부터 1일 이내 입주 시, 3만 원 할인 제공 7일 이내 입주 시 1만 원 할인 1주 관리비 원 / 1주 삼삼엠투는 관리비 정산을 대행하지 않으므로, 평소 관리비를 고려하여 관리비 설정을 추천드립니다. 관리비 포함 항목 가스",보통
5,0,78965,길동 원룸 F2,서울특별시 강동구 둔촌동 425-15 오앤하우스 4층 401호,공개,"280,000원","280,000",280000,"330,000원",330000,"80,000",80000,"{""가스"":""포함"",""수도"":""포함"",""전기"":""포함""}",포함된 항목을 과도하게 사용하는 경우 추가 관리비를 요청할 수 있습니다.,"80,000",80000,"장기 계약 할인 예시 2주 이상 계약 시, 5% 할인 제공 3주 이상 계약 시 5% 할인 즉시 입주 할인 예시 오늘부터 1일 이내 입주 시, 3만 원 할인 제공 7일 이내 입주 시 2만 원 할인 1주 관리비","즉시 입주 할인 예시 오늘부터 1일 이내 입주 시, 3만 원 할인 제공 7일 이내 입주 시 2만 원 할인 1주 관리비 원 / 1주 삼삼엠투는 관리비 정산을 대행하지 않으므로, 평소 관리비를 고려하여 관리비 설정을 추천드립니다. 관리비 포함 항목 가스",보통
5,1,78963,초특가 강동역 A62,서울특별시 강동구 천호동 167-157 예건네스빌 6층 602호,공개,"250,000원","250,000",250000,"330,000원",330000,"70,000",70000,"{""가스"":""포함"",""수도"":""포함"",""전기"":""포함""}",모든 공과금은 관리비에 포함됩니다,"70,000",70000,"장기 계약 할인 예시 2주 이상 계약 시, 5% 할인 제공 5주 이상 계약 시 5% 할인 즉시 입주 할인 예시 오늘부터 1일 이내 입주 시, 3만 원 할인 제공 7일 이내 입주 시 1만 원 할인 1주 관리비","즉시 입주 할인 예시 오늘부터 1일 이내 입주 시, 3만 원 할인 제공 7일 이내 입주 시 1만 원 할인 1주 관리비 원 / 1주 삼삼엠투는 관리비 정산을 대행하지 않으므로, 평소 관리비를 고려하여 관리비 설정을 추천드립니다. 관리비 포함 항목 가스",보통
5,2,77292,길동 1.5룸 T32,서울특별시 강동구 길동 386-4 에스아이팰리스 강동센텀2 3층 302,공개,"400,000원","400,000",400000,"330,000원",330000,"150,000",150000,"{""가스"":""포함"",""수도"":""포함"",""전기"":""포함""}",모든 공과금 포함,"50,000",50000,"장기 계약 할인 예시 2주 이상 계약 시, 5% 할인 제공 2주 이상 계약 시 5% 할인 즉시 입주 할인 예시 오늘부터 1일 이내 입주 시, 3만 원 할인 제공 오늘 이내 입주 시 3만 원 할인 7일 이내 입주 시","즉시 입주 할인 예시 오늘부터 1일 이내 입주 시, 3만 원 할인 제공 오늘 이내 입주 시 3만 원 할인 7일 이내 입주 시 2만 원 할인 1주 관리비 원 / 1주",보통
5,3,77287,길동 1.5룸 T71,서울특별시 강동구 길동 386-4 에스아이팰리스 강동센텀2 7층 701,공개,"400,000원","400,000",400000,"330,000원",330000,"150,000",150000,"{""가스"":""포함"",""수도"":""포함"",""전기"":""포함""}",공과금 모두 포함,"100,000",100000,"장기 계약 할인 예시 2주 이상 계약 시, 5% 할인 제공 2주 이상 계약 시 5% 할인 즉시 입주 할인 예시 오늘부터 1일 이내 입주 시, 3만 원 할인 제공 오늘 이내 입주 시 3만 원 할인 7일 이내 입주 시","즉시 입주 할인 예시 오늘부터 1일 이내 입주 시, 3만 원 할인 제공 오늘 이내 입주 시 3만 원 할인 7일 이내 입주 시 2만 원 할인 1주 관리비 원 / 1주",보통
5,4,77194,길동 1.5룸 T46,서울특별시 강동구 길동 386-4 에스아이팰리스 강동센텀2 4층 406,공개,"400,000원","400,000",400000,"330,000원",330000,"100,000",100000,"{""가스"":""포함"",""수도"":""포함"",""전기"":""포함""}",모든 관리비 포함,"100,000",100000,"장기 계약 할인 예시 2주 이상 계약 시, 5% 할인 제공 4주 이상 계약 시 5% 할인 즉시 입주 할인 예시 오늘부터 1일 이내 입주 시, 3만 원 할인 제공 오늘 이내 입주 시 3만 원 할인 7일 이내 입주 시","즉시 입주 할인 예시 오늘부터 1일 이내 입주 시, 3만 원 할인 제공 오늘 이내 입주 시 3만 원 할인 7일 이내 입주 시 2만 원 할인 1주 관리비 원 / 1주",보통
5,5,77193,길동 1.5룸 T31,서울특별시 강동구 길동 386-4 에스아이팰리스 강동센텀2 3층 301,공개,"400,000원","400,000",400000,"330,000원",330000,0,0,"{""가스"":""포함"",""수도"":""포함"",""전기"":""포함""}",모든 관리비 포함,0,0,"장기 계약 할인 예시 2주 이상 계약 시, 5% 할인 제공 즉시 입주 할인 예시 오늘부터 1일 이내 입주 시, 3만 원 할인 제공 1주 관리비 원 / 1주 삼삼엠투는 관리비 정산을 대행하지 않으므로, 평소 관리비를 고려하여 관리비 설정을 추천드립니다. 관리비 포함 항목 가스","즉시 입주 할인 예시 오늘부터 1일 이내 입주 시, 3만 원 할인 제공 1주 관리비 원 / 1주 삼삼엠투는 관리비 정산을 대행하지 않으므로, 평소 관리비를 고려하여 관리비 설정을 추천드립니다. 관리비 포함 항목 가스 수도",보통
5,6,74718,2월특가 3룸 U83,서울특별시 강동구 천호동 167-160 8층 성우 803호,공개,"680,000원","680,000",680000,"330,000원",330000,"150,000",150000,"{""가스"":""포함"",""수도"":""포함"",""전기"":""포함""}",모든 공과금이 포함되어 있습니다. 과도한 공과금 청구 될 수 있습니다.,"100,000",100000,"장기 계약 할인 예시 2주 이상 계약 시, 5% 할인 제공 3주 이상 계약 시 5% 할인 즉시 입주 할인 예시 오늘부터 1일 이내 입주 시, 3만 원 할인 제공 오늘 이내 입주 시 3만 원 할인 7일 이내 입주 시","즉시 입주 할인 예시 오늘부터 1일 이내 입주 시, 3만 원 할인 제공 오늘 이내 입주 시 3만 원 할인 7일 이내 입주 시 2만 원 할인 1주 관리비 원 / 1주",보통
5,7,74717,강동역 2룸 U24,서울특별시 강동구 천호동 167-160 2층 성우 204호,공개,"450,000원","450,000",450000,"330,000원",330000,"100,000",100000,"{""가스"":""포함"",""수도"":""포함"",""전기"":""포함""}",모든 공과금은 관리비에 포함됩니다. 과도한 공과금은 청구 될 수 있습니다.,"100,000",100000,"장기 계약 할인 예시 2주 이상 계약 시, 5% 할인 제공 2주 이상 계약 시 5% 할인 즉시 입주 할인 예시 오늘부터 1일 이내 입주 시, 3만 원 할인 제공 오늘 이내 입주 시 5만 원 할인 5일 이내 입주 시","즉시 입주 할인 예시 오늘부터 1일 이내 입주 시, 3만 원 할인 제공 오늘 이내 입주 시 5만 원 할인 5일 이내 입주 시 3만 원 할인 7일 이내 입주 시 2만 원 할인",약한
5,8,73667,강동역 2룸 U21,서울특별시 강동구 천호동 167-160 2층 성우 201호,공개,"500,000원","500,000",500000,"330,000원",330000,"150,000",150000,"{""가스"":""포함"",""수도"":""포함"",""전기"":""포함""}",모든 공과금은 관리비에 포함됩니다. 과도한 공과금은 청구 될 수 있습니다.,"50,000",50000,"장기 계약 할인 예시 2주 이상 계약 시, 5% 할인 제공 2주 이상 계약 시 5% 할인 즉시 입주 할인 예시 오늘부터 1일 이내 입주 시, 3만 원 할인 제공 오늘 이내 입주 시 3만 원 할인 7일 이내 입주 시","즉시 입주 할인 예시 오늘부터 1일 이내 입주 시, 3만 원 할인 제공 오늘 이내 입주 시 3만 원 할인 7일 이내 입주 시 2만 원 할인 1주 관리비 원 / 1주",강한
5,9,73664,강동역 3룸 U93,서울특별시 강동구 천호동 167-160 9층 성우 903호,공개,"680,000원","680,000",680000,"330,000원",330000,"150,000",150000,"{""가스"":""포함"",""수도"":""포함"",""전기"":""포함""}",모든 공과금이 포함되어 있습니다. 과도한 공과금 청구 될 수 있습니다.,"100,000",100000,"장기 계약 할인 예시 2주 이상 계약 시, 5% 할인 제공 3주 이상 계약 시 5% 할인 즉시 입주 할인 예시 오늘부터 1일 이내 입주 시, 3만 원 할인 제공 오늘 이내 입주 시 3만 원 할인 7일 이내 입주 시","즉시 입주 할인 예시 오늘부터 1일 이내 입주 시, 3만 원 할인 제공 오늘 이내 입주 시 3만 원 할인 7일 이내 입주 시 2만 원 할인 1주 관리비 원 / 1주",보통
6,0,72701,송파 오금 H42,서울특별시 송파구 오금동 133-13 스타팰리스 4층 402,공개,"260,000원","260,000",260000,"330,000원",330000,"80,000",80000,"{""가스"":""포함"",""수도"":""포함"",""전기"":""포함""}",모든 공과금은 관리비에 포함되어 있습니다. 포함된 항목을 과도하게 사용하는 경우 추가 관리비를 요청할 수 있습니다.,"80,000",80000,"장기 계약 할인 예시 2주 이상 계약 시, 5% 할인 제공 3주 이상 계약 시 5% 할인 5주 이상 계약 시 10% 할인 즉시 입주 할인 예시 오늘부터 1일 이내 입주 시, 3만 원 할인 제공 7일 이내 입주 시","즉시 입주 할인 예시 오늘부터 1일 이내 입주 시, 3만 원 할인 제공 7일 이내 입주 시 4만 원 할인 1주 관리비 원 / 1주 삼삼엠투는 관리비 정산을 대행하지 않으므로, 평소 관리비를 고려하여 관리비 설정을 추천드립니다. 관리비 포함 항목 가스",약한
6,1,72467,강동역 원룸 A22,서울특별시 강동구 천호동 167-157 예건네스빌 2층 202호,공개,"250,000원","250,000",250000,"330,000원",330000,"70,000",70000,"{""가스"":""포함"",""수도"":""포함"",""전기"":""포함""}",과도한 관리비는 추가요금을 청구합니다. 1달 이상 계약시 입/퇴실 사용량을 체크 할 수 있습니다,"70,000",70000,"장기 계약 할인 예시 2주 이상 계약 시, 5% 할인 제공 2주 이상 계약 시 5% 할인 즉시 입주 할인 예시 오늘부터 1일 이내 입주 시, 3만 원 할인 제공 3일 이내 입주 시 2만 원 할인 1주 관리비","즉시 입주 할인 예시 오늘부터 1일 이내 입주 시, 3만 원 할인 제공 3일 이내 입주 시 2만 원 할인 1주 관리비 원 / 1주 삼삼엠투는 관리비 정산을 대행하지 않으므로, 평소 관리비를 고려하여 관리비 설정을 추천드립니다. 관리비 포함 항목 가스",강한
6,2,63729,송파 오금 H13,서울특별시 송파구 오금동 133-13 스타팰리스 1층 103,공개,"200,000원","200,000",200000,"330,000원",330000,"80,000",80000,"{""가스"":""포함"",""수도"":""포함"",""전기"":""포함""}",모든 공과금은 관리비에 포함됩니다.,"80,000",80000,"장기 계약 할인 예시 2주 이상 계약 시, 5% 할인 제공 4주 이상 계약 시 5% 할인 즉시 입주 할인 예시 오늘부터 1일 이내 입주 시, 3만 원 할인 제공 1주 관리비 원 / 1주","즉시 입주 할인 예시 오늘부터 1일 이내 입주 시, 3만 원 할인 제공 1주 관리비 원 / 1주 삼삼엠투는 관리비 정산을 대행하지 않으므로, 평소 관리비를 고려하여 관리비 설정을 추천드립니다. 관리비 포함 항목 가스 수도",약한
6,3,63728,올림픽공원 G2,서울특별시 강동구 성내동 548-4 에스아이팰리스 센트럴성내 5층 502,공개,"280,000원","280,000",280000,"330,000원",330000,"100,000",100000,"{""가스"":""포함"",""수도"":""포함"",""전기"":""포함""}",모든 공과금은 관리비에 포함됩니다.,"80,000",80000,"장기 계약 할인 예시 2주 이상 계약 시, 5% 할인 제공 3주 이상 계약 시 5% 할인 즉시 입주 할인 예시 오늘부터 1일 이내 입주 시, 3만 원 할인 제공 오늘 이내 입주 시 3만 원 할인 7일 이내 입주 시","즉시 입주 할인 예시 오늘부터 1일 이내 입주 시, 3만 원 할인 제공 오늘 이내 입주 시 3만 원 할인 7일 이내 입주 시 1만 원 할인 1주 관리비 원 / 1주",약한
6,4,63726,강동역 5분 F1,서울특별시 강동구 성내동 244-5 한양 립스 5층 503,공개,"250,000원","250,000",250000,"330,000원",330000,"80,000",80000,"{""가스"":""포함"",""수도"":""포함"",""전기"":""포함""}",모든 공과금은 관리비에 포함됩니다.,"80,000",80000,"장기 계약 할인 예시 2주 이상 계약 시, 5% 할인 제공 5주 이상 계약 시 5% 할인 즉시 입주 할인 예시 오늘부터 1일 이내 입주 시, 3만 원 할인 제공 7일 이내 입주 시 1만 원 할인 1주 관리비","즉시 입주 할인 예시 오늘부터 1일 이내 입주 시, 3만 원 할인 제공 7일 이내 입주 시 1만 원 할인 1주 관리비 원 / 1주 삼삼엠투는 관리비 정산을 대행하지 않으므로, 평소 관리비를 고려하여 관리비 설정을 추천드립니다. 관리비 포함 항목 가스",약한
6,5,63725,길동 3월특가 D3,서울특별시 강동구 길동 415-16 청광플러스원큐브3차 5층 507,공개,"320,000원","320,000",320000,"330,000원",330000,"80,000",80000,"{""가스"":""포함"",""수도"":""포함"",""전기"":""포함""}",모든 공과금은 관리비에 포함됩니다.,"80,000",80000,"장기 계약 할인 예시 2주 이상 계약 시, 5% 할인 제공 5주 이상 계약 시 5% 할인 즉시 입주 할인 예시 오늘부터 1일 이내 입주 시, 3만 원 할인 제공 7일 이내 입주 시 1만 원 할인 1주 관리비","즉시 입주 할인 예시 오늘부터 1일 이내 입주 시, 3만 원 할인 제공 7일 이내 입주 시 1만 원 할인 1주 관리비 원 / 1주 삼삼엠투는 관리비 정산을 대행하지 않으므로, 평소 관리비를 고려하여 관리비 설정을 추천드립니다. 관리비 포함 항목 가스",약한
6,6,63722,강동역 길동 D8,서울특별시 강동구 길동 456-3 강동 큐브 16층 1604,공개,"280,000원","280,000",280000,"330,000원",330000,"80,000",80000,"{""가스"":""포함"",""수도"":""포함"",""전기"":""포함""}",모든 공과금은 관리비에 포함됩니다.,"80,000",80000,"장기 계약 할인 예시 2주 이상 계약 시, 5% 할인 제공 즉시 입주 할인 예시 오늘부터 1일 이내 입주 시, 3만 원 할인 제공 1주 관리비 원 / 1주 삼삼엠투는 관리비 정산을 대행하지 않으므로, 평소 관리비를 고려하여 관리비 설정을 추천드립니다. 관리비 포함 항목 가스","즉시 입주 할인 예시 오늘부터 1일 이내 입주 시, 3만 원 할인 제공 1주 관리비 원 / 1주 삼삼엠투는 관리비 정산을 대행하지 않으므로, 평소 관리비를 고려하여 관리비 설정을 추천드립니다. 관리비 포함 항목 가스 수도",약한
6,7,63718,길동역 원룸 C4,서울특별시 강동구 길동 387-5 길동청광플러스원큐브1차 7층 709호,공개,"240,000원","240,000",240000,"330,000원",330000,"80,000",80000,"{""가스"":""포함"",""수도"":""포함"",""전기"":""포함""}",모든 공과금은 관리비에 포함됩니다.,"80,000",80000,"장기 계약 할인 예시 2주 이상 계약 시, 5% 할인 제공 3주 이상 계약 시 5% 할인 즉시 입주 할인 예시 오늘부터 1일 이내 입주 시, 3만 원 할인 제공 오늘 이내 입주 시 2만 원 할인 7일 이내 입주 시","즉시 입주 할인 예시 오늘부터 1일 이내 입주 시, 3만 원 할인 제공 오늘 이내 입주 시 2만 원 할인 7일 이내 입주 시 1만 원 할인 1주 관리비 원 / 1주",보통
6,8,63717,초특가!!강동역 B35,서울특별시 강동구 천호동 560-2 더하임 8층 305,공개,"280,000원","280,000",280000,"330,000원",330000,"70,000",70000,"{""가스"":""포함"",""수도"":""포함"",""전기"":""포함""}",모든 공과금은 관리비에 포함됩니다. 2주단기 할인,"80,000",80000,"장기 계약 할인 예시 2주 이상 계약 시, 5% 할인 제공 3주 이상 계약 시 5% 할인 즉시 입주 할인 예시 오늘부터 1일 이내 입주 시, 3만 원 할인 제공 오늘 이내 입주 시 3만 원 할인 7일 이내 입주 시","즉시 입주 할인 예시 오늘부터 1일 이내 입주 시, 3만 원 할인 제공 오늘 이내 입주 시 3만 원 할인 7일 이내 입주 시 2만 원 할인 1주 관리비 원 / 1주",약한
6,9,63715,길동강동 J2,서울특별시 강동구 길동 386-8 6층 은성 603호,공개,"200,000원","200,000",200000,"330,000원",330000,"150,000",150000,"{""가스"":""포함"",""수도"":""포함"",""전기"":""포함""}",모든 공과금은 관리비에 포함됩니다.,"50,000",50000,"장기 계약 할인 예시 2주 이상 계약 시, 5% 할인 제공 3주 이상 계약 시 5% 할인 즉시 입주 할인 예시 오늘부터 1일 이내 입주 시, 3만 원 할인 제공 오늘 이내 입주 시 3만 원 할인 7일 이내 입주 시","즉시 입주 할인 예시 오늘부터 1일 이내 입주 시, 3만 원 할인 제공 오늘 이내 입주 시 3만 원 할인 7일 이내 입주 시 2만 원 할인 1주 관리비 원 / 1주",약한
7,0,63627,강동역 1.5룸 B34,서울특별시 강동구 천호동 560-2 더하임 3층 304호,공개,"280,000원","280,000",280000,"330,000원",330000,"80,000",80000,"{""가스"":""포함"",""수도"":""포함"",""전기"":""포함""}",모든 공과금은 관리비에 포함됩니다.,"80,000",80000,"장기 계약 할인 예시 2주 이상 계약 시, 5% 할인 제공 3주 이상 계약 시 5% 할인 즉시 입주 할인 예시 오늘부터 1일 이내 입주 시, 3만 원 할인 제공 7일 이내 입주 시 2만 원 할인 1주 관리비","즉시 입주 할인 예시 오늘부터 1일 이내 입주 시, 3만 원 할인 제공 7일 이내 입주 시 2만 원 할인 1주 관리비 원 / 1주 삼삼엠투는 관리비 정산을 대행하지 않으므로, 평소 관리비를 고려하여 관리비 설정을 추천드립니다. 관리비 포함 항목 가스",약한
7,1,63626,강동역 1.5룸 B24,서울특별시 강동구 천호동 560-2 더하임 2층 204호,공개,"280,000원","280,000",280000,"330,000원",330000,"80,000",80000,"{""가스"":""포함"",""수도"":""포함"",""전기"":""포함""}",모든 공과금은 관리비에 포함됩니다.,"80,000",80000,"장기 계약 할인 예시 2주 이상 계약 시, 5% 할인 제공 3주 이상 계약 시 5% 할인 즉시 입주 할인 예시 오늘부터 1일 이내 입주 시, 3만 원 할인 제공 7일 이내 입주 시 2만 원 할인 1주 관리비","즉시 입주 할인 예시 오늘부터 1일 이내 입주 시, 3만 원 할인 제공 7일 이내 입주 시 2만 원 할인 1주 관리비 원 / 1주 삼삼엠투는 관리비 정산을 대행하지 않으므로, 평소 관리비를 고려하여 관리비 설정을 추천드립니다. 관리비 포함 항목 가스",약한
7,2,61405,송파 오금 H12,서울특별시 송파구 오금동 133-13 스타팰리스 1층 102,공개,"240,000원","240,000",240000,"330,000원",330000,"80,000",80000,"{""가스"":""포함"",""수도"":""포함"",""전기"":""포함""}",모든 공과금은 관리비에 포함되어 있습니다. 포함된 항목을 과도하게 사용하는 경우 추가 관리비를 요청할 수 있습니다.,"80,000",80000,"장기 계약 할인 예시 2주 이상 계약 시, 5% 할인 제공 2주 이상 계약 시 5% 할인 즉시 입주 할인 예시 오늘부터 1일 이내 입주 시, 3만 원 할인 제공 1주 관리비 원 / 1주","즉시 입주 할인 예시 오늘부터 1일 이내 입주 시, 3만 원 할인 제공 1주 관리비 원 / 1주 삼삼엠투는 관리비 정산을 대행하지 않으므로, 평소 관리비를 고려하여 관리비 설정을 추천드립니다. 관리비 포함 항목 가스 수도",약한
7,3,61404,송파 오금 H25,서울특별시 송파구 오금동 133-13 스타팰리스 2층 205,공개,"280,000원","280,000",280000,"330,000원",330000,"80,000",80000,"{""가스"":""포함"",""수도"":""포함"",""전기"":""포함""}",모든 공과금은 관리비에 포함되어 있습니다. 포함된 항목을 과도하게 사용하는 경우 추가 관리비를 요청할 수 있습니다.,"80,000",80000,"장기 계약 할인 예시 2주 이상 계약 시, 5% 할인 제공 3주 이상 계약 시 5% 할인 즉시 입주 할인 예시 오늘부터 1일 이내 입주 시, 3만 원 할인 제공 오늘 이내 입주 시 3만 원 할인 7일 이내 입주 시","즉시 입주 할인 예시 오늘부터 1일 이내 입주 시, 3만 원 할인 제공 오늘 이내 입주 시 3만 원 할인 7일 이내 입주 시 1만 원 할인 1주 관리비 원 / 1주",약한
7,4,61106,미사역 원룸 I2,경기도 하남시 망월동 1147-2 힐스테이트에코미사강변 8층 804,공개,"280,000원","280,000",280000,"330,000원",330000,"80,000",80000,"{""가스"":""포함"",""수도"":""포함"",""전기"":""포함""}",모든 공과금은 관리비에 포함되어 있습니다.,"80,000",80000,"장기 계약 할인 예시 2주 이상 계약 시, 5% 할인 제공 4주 이상 계약 시 5% 할인 즉시 입주 할인 예시 오늘부터 1일 이내 입주 시, 3만 원 할인 제공 1주 관리비 원 / 1주","즉시 입주 할인 예시 오늘부터 1일 이내 입주 시, 3만 원 할인 제공 1주 관리비 원 / 1주 삼삼엠투는 관리비 정산을 대행하지 않으므로, 평소 관리비를 고려하여 관리비 설정을 추천드립니다. 관리비 포함 항목 가스 수도",보통
7,5,60862,미사 이번주 특가 I3,경기도 하남시 망월동 1148 하남미사 롯데캐슬 헤븐시티 Ⅱ 9층 960,공개,"360,000원","360,000",360000,"330,000원",330000,"120,000",120000,"{""가스"":""포함"",""수도"":""포함"",""전기"":""포함""}",모든 공과금은 관리비에 포함되어 있습니다.,"50,000",50000,"장기 계약 할인 예시 2주 이상 계약 시, 5% 할인 제공 2주 이상 계약 시 5% 할인 즉시 입주 할인 예시 오늘부터 1일 이내 입주 시, 3만 원 할인 제공 오늘 이내 입주 시 3만 원 할인 7일 이내 입주 시","즉시 입주 할인 예시 오늘부터 1일 이내 입주 시, 3만 원 할인 제공 오늘 이내 입주 시 3만 원 할인 7일 이내 입주 시 1만 원 할인 1주 관리비 원 / 1주",약한
7,6,60827,길동역 원룸 C5,서울특별시 강동구 길동 387-5 길동청광플러스원큐브1차 9층 910호,공개,"200,000원","200,000",200000,"330,000원",330000,"100,000",100000,"{""가스"":""포함"",""수도"":""포함"",""전기"":""포함""}",모든 공과금은 관리비에 포함되어 있습니다.,"80,000",80000,"장기 계약 할인 예시 2주 이상 계약 시, 5% 할인 제공 5주 이상 계약 시 5% 할인 즉시 입주 할인 예시 오늘부터 1일 이내 입주 시, 3만 원 할인 제공 7일 이내 입주 시 1만 원 할인 1주 관리비","즉시 입주 할인 예시 오늘부터 1일 이내 입주 시, 3만 원 할인 제공 7일 이내 입주 시 1만 원 할인 1주 관리비 원 / 1주 삼삼엠투는 관리비 정산을 대행하지 않으므로, 평소 관리비를 고려하여 관리비 설정을 추천드립니다. 관리비 포함 항목 가스",약한
7,7,60568,길동역 복층 E5,서울특별시 강동구 길동 413-24 12층 동구햇살 1203,공개,"360,000원","360,000",360000,"330,000원",330000,"80,000",80000,"{""가스"":""포함"",""수도"":""포함"",""전기"":""포함""}",포함된 항목을 과도하게 사용하는 경우 추가 관리비를 요청할 수 있습니다. 모든 공과금은 관리비에 포함되어 있습니다.,"80,000",80000,"장기 계약 할인 예시 2주 이상 계약 시, 5% 할인 제공 즉시 입주 할인 예시 오늘부터 1일 이내 입주 시, 3만 원 할인 제공 1주 관리비 원 / 1주 삼삼엠투는 관리비 정산을 대행하지 않으므로, 평소 관리비를 고려하여 관리비 설정을 추천드립니다. 관리비 포함 항목 가스","즉시 입주 할인 예시 오늘부터 1일 이내 입주 시, 3만 원 할인 제공 1주 관리비 원 / 1주 삼삼엠투는 관리비 정산을 대행하지 않으므로, 평소 관리비를 고려하여 관리비 설정을 추천드립니다. 관리비 포함 항목 가스 수도",약한
7,8,59692,비공개 11,서울특별시 중랑구 중화동 293-5 세종에코그린 3층 304,비공개,"280,000원","280,000",280000,"330,000원",330000,"120,000",120000,"{""가스"":""포함"",""수도"":""포함"",""전기"":""포함""}","전기,수도,가스,인터넷은 포함 주차는 별도입니다.","50,000",50000,"장기 계약 할인 예시 2주 이상 계약 시, 5% 할인 제공 2주 이상 계약 시 10% 할인 즉시 입주 할인 예시 오늘부터 1일 이내 입주 시, 3만 원 할인 제공 1주 관리비 원 / 1주","즉시 입주 할인 예시 오늘부터 1일 이내 입주 시, 3만 원 할인 제공 1주 관리비 원 / 1주 삼삼엠투는 관리비 정산을 대행하지 않으므로, 평소 관리비를 고려하여 관리비 설정을 추천드립니다. 관리비 포함 항목 가스 수도",약한
7,9,59619,길동 성심병원 D4,서울특별시 강동구 길동 415-16 청광플러스원큐브3차 8층 806호,공개,"280,000원","280,000",280000,"330,000원",330000,"80,000",80000,"{""가스"":""포함"",""수도"":""포함"",""전기"":""포함""}","전기,수도,가스,인터넷은 포함 주차는 별도입니다","80,000",80000,"장기 계약 할인 예시 2주 이상 계약 시, 5% 할인 제공 5주 이상 계약 시 5% 할인 즉시 입주 할인 예시 오늘부터 1일 이내 입주 시, 3만 원 할인 제공 7일 이내 입주 시 1만 원 할인 1주 관리비","즉시 입주 할인 예시 오늘부터 1일 이내 입주 시, 3만 원 할인 제공 7일 이내 입주 시 1만 원 할인 1주 관리비 원 / 1주 삼삼엠투는 관리비 정산을 대행하지 않으므로, 평소 관리비를 고려하여 관리비 설정을 추천드립니다. 관리비 포함 항목 가스",약한
8,0,59616,올림픽공원 G1,서울특별시 강동구 성내동 548-4 에스아이팰리스 센트럴성내 2층 2,공개,"380,000원","380,000",380000,"330,000원",330000,"80,000",80000,"{""가스"":""포함"",""수도"":""포함"",""전기"":""포함""}","전기,수도,가스,인터넷은 포함 주차비는 별도입니다.","80,000",80000,"장기 계약 할인 예시 2주 이상 계약 시, 5% 할인 제공 3주 이상 계약 시 5% 할인 즉시 입주 할인 예시 오늘부터 1일 이내 입주 시, 3만 원 할인 제공 오늘 이내 입주 시 3만 원 할인 7일 이내 입주 시","즉시 입주 할인 예시 오늘부터 1일 이내 입주 시, 3만 원 할인 제공 오늘 이내 입주 시 3만 원 할인 7일 이내 입주 시 1만 원 할인 1주 관리비 원 / 1주",약한
8,1,54599,길동 성심병원 D6,서울특별시 강동구 길동 415-16 청광플러스원큐브3차 13층 1315호,비공개,"280,000원","280,000",280000,"330,000원",330000,"80,000",80000,"{""가스"":""포함"",""수도"":""포함"",""전기"":""포함""}",모든 공과금은 관리비에 포함되어 있습니다.,"50,000",50000,"장기 계약 할인 예시 2주 이상 계약 시, 5% 할인 제공 2주 이상 계약 시 5% 할인 즉시 입주 할인 예시 오늘부터 1일 이내 입주 시, 3만 원 할인 제공 오늘 이내 입주 시 2만 원 할인 7일 이내 입주 시","즉시 입주 할인 예시 오늘부터 1일 이내 입주 시, 3만 원 할인 제공 오늘 이내 입주 시 2만 원 할인 7일 이내 입주 시 1만 원 할인 1주 관리비 원 / 1주",강한
8,2,51834,길동역 원룸 C2,서울특별시 강동구 길동 387-5 길동청광플러스원큐브1차 6층 608호,비공개,"200,000원","200,000",200000,"330,000원",330000,"100,000",100000,"{""가스"":""포함"",""수도"":""포함"",""전기"":""포함""}",모든 공과금은 관리비에 포함되어 있습니다.,"80,000",80000,"장기 계약 할인 예시 2주 이상 계약 시, 5% 할인 제공 5주 이상 계약 시 5% 할인 즉시 입주 할인 예시 오늘부터 1일 이내 입주 시, 3만 원 할인 제공 7일 이내 입주 시 1만 원 할인 1주 관리비","즉시 입주 할인 예시 오늘부터 1일 이내 입주 시, 3만 원 할인 제공 7일 이내 입주 시 1만 원 할인 1주 관리비 원 / 1주 삼삼엠투는 관리비 정산을 대행하지 않으므로, 평소 관리비를 고려하여 관리비 설정을 추천드립니다. 관리비 포함 항목 가스",약한
8,3,50485,길동역 원룸 C3,서울특별시 강동구 길동 387-5 길동청광플러스원큐브1차 6층 609호,비공개,"130,000원","130,000",130000,"330,000원",330000,"80,000",80000,"{""가스"":""포함"",""수도"":""포함"",""전기"":""포함""}",모든 공과금은 관리비에 포함되어 있습니다.,"80,000",80000,"장기 계약 할인 예시 2주 이상 계약 시, 5% 할인 제공 3주 이상 계약 시 5% 할인 즉시 입주 할인 예시 오늘부터 1일 이내 입주 시, 3만 원 할인 제공 오늘 이내 입주 시 3만 원 할인 7일 이내 입주 시","즉시 입주 할인 예시 오늘부터 1일 이내 입주 시, 3만 원 할인 제공 오늘 이내 입주 시 3만 원 할인 7일 이내 입주 시 1만 원 할인 1주 관리비 원 / 1주",보통
8,4,50483,길동역 원룸 C1,서울특별시 강동구 길동 387-5 길동청광플러스원큐브1차 2층 207호,비공개,"130,000원","130,000",130000,"330,000원",330000,"80,000",80000,"{""가스"":""포함"",""수도"":""포함"",""전기"":""포함""}",모든 공과금은 관리비에 포함되어 있습니다.,"80,000",80000,"장기 계약 할인 예시 2주 이상 계약 시, 5% 할인 제공 3주 이상 계약 시 5% 할인 즉시 입주 할인 예시 오늘부터 1일 이내 입주 시, 3만 원 할인 제공 오늘 이내 입주 시 2만 원 할인 7일 이내 입주 시","즉시 입주 할인 예시 오늘부터 1일 이내 입주 시, 3만 원 할인 제공 오늘 이내 입주 시 2만 원 할인 7일 이내 입주 시 1만 원 할인 1주 관리비 원 / 1주",약한
8,5,50482,초특가 오금 H21,서울특별시 송파구 오금동 133-13 스타팰리스 2층 201,공개,"230,000원","230,000",230000,"330,000원",330000,"80,000",80000,"{""가스"":""포함"",""수도"":""포함"",""전기"":""포함""}",모든 공과금은 관리비에 포함되어 있습니다.,"80,000",80000,"장기 계약 할인 예시 2주 이상 계약 시, 5% 할인 제공 3주 이상 계약 시 5% 할인 즉시 입주 할인 예시 오늘부터 1일 이내 입주 시, 3만 원 할인 제공 오늘 이내 입주 시 3만 원 할인 4일 이내 입주 시","즉시 입주 할인 예시 오늘부터 1일 이내 입주 시, 3만 원 할인 제공 오늘 이내 입주 시 3만 원 할인 4일 이내 입주 시 1만 원 할인 1주 관리비 원 / 1주",약한
8,6,50480,송파 오금 H23,서울특별시 송파구 오금동 133-13 스타팰리스 2층 203,공개,"200,000원","200,000",200000,"330,000원",330000,"80,000",80000,"{""가스"":""포함"",""수도"":""포함"",""전기"":""포함""}",모든 공과금 포함,"80,000",80000,"장기 계약 할인 예시 2주 이상 계약 시, 5% 할인 제공 3주 이상 계약 시 5% 할인 즉시 입주 할인 예시 오늘부터 1일 이내 입주 시, 3만 원 할인 제공 5일 이내 입주 시 1만 원 할인 1주 관리비","즉시 입주 할인 예시 오늘부터 1일 이내 입주 시, 3만 원 할인 제공 5일 이내 입주 시 1만 원 할인 1주 관리비 원 / 1주 삼삼엠투는 관리비 정산을 대행하지 않으므로, 평소 관리비를 고려하여 관리비 설정을 추천드립니다. 관리비 포함 항목 가스",약한
8,7,36476,울산시청 N1,울산광역시 남구 신정동 643-1 3층 307호,공개,"280,000원","280,000",280000,"330,000원",330000,"100,000",100000,"{""가스"":""포함"",""수도"":""포함"",""전기"":""포함""}",관리비포함,"50,000",50000,"장기 계약 할인 예시 2주 이상 계약 시, 5% 할인 제공 즉시 입주 할인 예시 오늘부터 1일 이내 입주 시, 3만 원 할인 제공 3일 이내 입주 시 4만 원 할인 1주 관리비 원 / 1주","즉시 입주 할인 예시 오늘부터 1일 이내 입주 시, 3만 원 할인 제공 3일 이내 입주 시 4만 원 할인 1주 관리비 원 / 1주 삼삼엠투는 관리비 정산을 대행하지 않으므로, 평소 관리비를 고려하여 관리비 설정을 추천드립니다. 관리비 포함 항목 가스",약한
8,8,35846,길동역세권 C7,서울특별시 강동구 길동 388-7 다성이즈빌 5층 506호,공개,"350,000원","350,000",350000,"330,000원",330000,"80,000",80000,"{""가스"":""포함"",""수도"":""포함"",""전기"":""포함""}",관리비는 포함됩니다.,"80,000",80000,"장기 계약 할인 예시 2주 이상 계약 시, 5% 할인 제공 5주 이상 계약 시 5% 할인 즉시 입주 할인 예시 오늘부터 1일 이내 입주 시, 3만 원 할인 제공 3일 이내 입주 시 4만 원 할인 1주 관리비","즉시 입주 할인 예시 오늘부터 1일 이내 입주 시, 3만 원 할인 제공 3일 이내 입주 시 4만 원 할인 1주 관리비 원 / 1주 삼삼엠투는 관리비 정산을 대행하지 않으므로, 평소 관리비를 고려하여 관리비 설정을 추천드립니다. 관리비 포함 항목 가스",약한
8,9,33583,길동 1.5룸 T51,서울특별시 강동구 길동 386-4 에스아이팰리스 강동센텀2 5층 501,공개,"400,000원","400,000",400000,"330,000원",330000,"120,000",120000,"{""가스"":""포함"",""수도"":""포함"",""전기"":""포함""}",모든 관리비 포함,"90,000",90000,"장기 계약 할인 예시 2주 이상 계약 시, 5% 할인 제공 4주 이상 계약 시 5% 할인 즉시 입주 할인 예시 오늘부터 1일 이내 입주 시, 3만 원 할인 제공 오늘 이내 입주 시 3만 원 할인 7일 이내 입주 시","즉시 입주 할인 예시 오늘부터 1일 이내 입주 시, 3만 원 할인 제공 오늘 이내 입주 시 3만 원 할인 7일 이내 입주 시 2만 원 할인 1주 관리비 원 / 1주",약한
9,0,31906,동대문2룸 K1,서울특별시 동대문구 장안동 344-5 선일크라시아 1층 101호,공개,"420,000원","420,000",420000,"330,000원",330000,"80,000",80000,"{""가스"":""포함"",""수도"":""포함"",""전기"":""포함""}",공과금에 모든 관리비는 포함합니다. 과도한 사용시 추가 청구 있습니다.,"100,000",100000,"장기 계약 할인 예시 2주 이상 계약 시, 5% 할인 제공 4주 이상 계약 시 5% 할인 즉시 입주 할인 예시 오늘부터 1일 이내 입주 시, 3만 원 할인 제공 오늘 이내 입주 시 2만 원 할인 1주 관리비","즉시 입주 할인 예시 오늘부터 1일 이내 입주 시, 3만 원 할인 제공 오늘 이내 입주 시 2만 원 할인 1주 관리비 원 / 1주 삼삼엠투는 관리비 정산을 대행하지 않으므로, 평소 관리비를 고려하여 관리비 설정을 추천드립니다. 관리비 포함 항목 가스",강한
9,1,29690,노원 방학 k5,서울특별시 도봉구 방학동 711-1 7층 101동 709호,공개,"280,000원","280,000",280000,"330,000원",330000,"70,000",70000,"{""가스"":""포함"",""수도"":""포함"",""전기"":""포함""}",모든 관리비는 포함됩니다. 4주이상시 사용료에 따라 청구합니다.,"80,000",80000,"장기 계약 할인 예시 2주 이상 계약 시, 5% 할인 제공 3주 이상 계약 시 7% 할인 즉시 입주 할인 예시 오늘부터 1일 이내 입주 시, 3만 원 할인 제공 4일 이내 입주 시 3만 원 할인 1주 관리비","즉시 입주 할인 예시 오늘부터 1일 이내 입주 시, 3만 원 할인 제공 4일 이내 입주 시 3만 원 할인 1주 관리비 원 / 1주 삼삼엠투는 관리비 정산을 대행하지 않으므로, 평소 관리비를 고려하여 관리비 설정을 추천드립니다. 관리비 포함 항목 가스",강한
9,2,29601,강동역 원룸 A44,서울특별시 강동구 천호동 167-157 예건네스빌 4층 404호,공개,"250,000원","250,000",250000,"330,000원",330000,"70,000",70000,"{""가스"":""포함"",""수도"":""포함"",""전기"":""포함""}",모든 공과금은 포함됩니다. 장기숙박시 조정합니다,"70,000",70000,"장기 계약 할인 예시 2주 이상 계약 시, 5% 할인 제공 5주 이상 계약 시 5% 할인 즉시 입주 할인 예시 오늘부터 1일 이내 입주 시, 3만 원 할인 제공 7일 이내 입주 시 1만 원 할인 1주 관리비","즉시 입주 할인 예시 오늘부터 1일 이내 입주 시, 3만 원 할인 제공 7일 이내 입주 시 1만 원 할인 1주 관리비 원 / 1주 삼삼엠투는 관리비 정산을 대행하지 않으므로, 평소 관리비를 고려하여 관리비 설정을 추천드립니다. 관리비 포함 항목 가스",강한
9,3,28774,강동역 원룸 A24,서울특별시 강동구 천호동 167-157 예건네스빌 2층 204호,공개,"280,000원","280,000",280000,"330,000원",330000,"70,000",70000,"{""가스"":""포함"",""수도"":""포함"",""전기"":""포함""}",과도한 관리비는 추가요금을 청구합니다. 1달 이상 계약시 입/퇴실 사용량을 체크 할 수 있습니다,"70,000",70000,"장기 계약 할인 예시 2주 이상 계약 시, 5% 할인 제공 3주 이상 계약 시 5% 할인 즉시 입주 할인 예시 오늘부터 1일 이내 입주 시, 3만 원 할인 제공 3일 이내 입주 시 2만 원 할인 1주 관리비","즉시 입주 할인 예시 오늘부터 1일 이내 입주 시, 3만 원 할인 제공 3일 이내 입주 시 2만 원 할인 1주 관리비 원 / 1주 삼삼엠투는 관리비 정산을 대행하지 않으므로, 평소 관리비를 고려하여 관리비 설정을 추천드립니다. 관리비 포함 항목 가스",강한
9,4,27619,신정동. 2룸 N3,울산광역시 남구 신정동 1323-50 수아지오 시티 10층 1007호,공개,"320,000원","320,000",320000,"330,000원",330000,"100,000",100000,"{""가스"":""포함"",""수도"":""포함"",""전기"":""포함""}",포함된 항목을 과도하게 사용하는 경우 추가 관리비를 요청할 수 있습니다.,"80,000",80000,"장기 계약 할인 예시 2주 이상 계약 시, 5% 할인 제공 5주 이상 계약 시 5% 할인 즉시 입주 할인 예시 오늘부터 1일 이내 입주 시, 3만 원 할인 제공 3일 이내 입주 시 1만 원 할인 1주 관리비","즉시 입주 할인 예시 오늘부터 1일 이내 입주 시, 3만 원 할인 제공 3일 이내 입주 시 1만 원 할인 1주 관리비 원 / 1주 삼삼엠투는 관리비 정산을 대행하지 않으므로, 평소 관리비를 고려하여 관리비 설정을 추천드립니다. 관리비 포함 항목 가스",강한
9,5,27249,울산 신정 N2,울산광역시 남구 신정동 643-1 3층 315호,공개,"280,000원","280,000",280000,"330,000원",330000,"100,000",100000,"{""가스"":""포함"",""수도"":""포함"",""전기"":""포함""}",공과금은 포함 됩니다. 인터넷 설치는 안되어 있습니다.,"75,000",75000,"장기 계약 할인 예시 2주 이상 계약 시, 5% 할인 제공 4주 이상 계약 시 5% 할인 즉시 입주 할인 예시 오늘부터 1일 이내 입주 시, 3만 원 할인 제공 1주 관리비 원 / 1주","즉시 입주 할인 예시 오늘부터 1일 이내 입주 시, 3만 원 할인 제공 1주 관리비 원 / 1주 삼삼엠투는 관리비 정산을 대행하지 않으므로, 평소 관리비를 고려하여 관리비 설정을 추천드립니다. 관리비 포함 항목 가스 수도",보통
9,6,20256,강동역 원룸 A25,서울특별시 강동구 천호동 167-157 예건네스빌 2층 205호,공개,"280,000원","280,000",280000,"330,000원",330000,"70,000",70000,"{""가스"":""포함"",""수도"":""포함"",""전기"":""포함""}",포함된 항목을 과도하게 사용하는 경우 추가 관리비를 요청할 수 있습니다.,"70,000",70000,"장기 계약 할인 예시 2주 이상 계약 시, 5% 할인 제공 2주 이상 계약 시 20% 할인 즉시 입주 할인 예시 오늘부터 1일 이내 입주 시, 3만 원 할인 제공 오늘 이내 입주 시 5만 원 할인 1주 관리비","즉시 입주 할인 예시 오늘부터 1일 이내 입주 시, 3만 원 할인 제공 오늘 이내 입주 시 5만 원 할인 1주 관리비 원 / 1주 삼삼엠투는 관리비 정산을 대행하지 않으므로, 평소 관리비를 고려하여 관리비 설정을 추천드립니다. 관리비 포함 항목 가스",약한
9,7,19541,강동역 원룸 A72,서울특별시 강동구 천호동 167-157 예건네스빌 7층 702호,공개,"250,000원","250,000",250000,"330,000원",330000,"70,000",70000,"{""가스"":""포함"",""수도"":""포함"",""전기"":""포함""}",모든 공과금은 관리비에 포함됩니다,"70,000",70000,"장기 계약 할인 예시 2주 이상 계약 시, 5% 할인 제공 3주 이상 계약 시 5% 할인 즉시 입주 할인 예시 오늘부터 1일 이내 입주 시, 3만 원 할인 제공 7일 이내 입주 시 2만 원 할인 1주 관리비","즉시 입주 할인 예시 오늘부터 1일 이내 입주 시, 3만 원 할인 제공 7일 이내 입주 시 2만 원 할인 1주 관리비 원 / 1주 삼삼엠투는 관리비 정산을 대행하지 않으므로, 평소 관리비를 고려하여 관리비 설정을 추천드립니다. 관리비 포함 항목 가스",약한
9,8,19215,비공개 1,서울특별시 강동구 둔촌동 425-15 오앤하우스 9층 904호,비공개,"190,000원","190,000",190000,"330,000원",330000,"80,000",80000,"{""가스"":""포함"",""수도"":""포함"",""전기"":""포함""}",포함된 항목을 과도하게 사용하는 경우 추가 관리비를 요청할 수 있습니다.,"50,000",50000,"장기 계약 할인 예시 2주 이상 계약 시, 5% 할인 제공 5주 이상 계약 시 5% 할인 즉시 입주 할인 예시 오늘부터 1일 이내 입주 시, 3만 원 할인 제공 7일 이내 입주 시 3만 원 할인 1주 관리비","즉시 입주 할인 예시 오늘부터 1일 이내 입주 시, 3만 원 할인 제공 7일 이내 입주 시 3만 원 할인 1주 관리비 원 / 1주 삼삼엠투는 관리비 정산을 대행하지 않으므로, 평소 관리비를 고려하여 관리비 설정을 추천드립니다. 관리비 포함 항목 가스",보통
9,9,19213,강동역도보5분 A82,서울특별시 강동구 천호동 167-157 예건네스빌 8층 802호,공개,"250,000원","250,000",250000,"330,000원",330000,"70,000",70000,"{""가스"":""포함"",""수도"":""포함"",""전기"":""포함""}",관리비는 1주일에 5만원으로 모두 포함됩니다. 주차는 월 3만원 별도입니다,"70,000",70000,"장기 계약 할인 예시 2주 이상 계약 시, 5% 할인 제공 5주 이상 계약 시 5% 할인 즉시 입주 할인 예시 오늘부터 1일 이내 입주 시, 3만 원 할인 제공 7일 이내 입주 시 1만 원 할인 1주 관리비","즉시 입주 할인 예시 오늘부터 1일 이내 입주 시, 3만 원 할인 제공 7일 이내 입주 시 1만 원 할인 1주 관리비 원 / 1주 삼삼엠투는 관리비 정산을 대행하지 않으므로, 평소 관리비를 고려하여 관리비 설정을 추천드립니다. 관리비 포함 항목 가스",약한
10,0,18750,강동역 2룸 A33,서울특별시 강동구 천호동 167-157 예건네스빌 3층 303호,공개,"500,000원","500,000",500000,"330,000원",330000,"100,000",100000,"{""가스"":""포함"",""수도"":""포함"",""전기"":""포함""}",관리비는 전기.가스.수도.인터넷 포함합니다. 2룸의 풀옵션으로 편하게 이용하실수 있습니다.,"80,000",80000,"장기 계약 할인 예시 2주 이상 계약 시, 5% 할인 제공 3주 이상 계약 시 5% 할인 즉시 입주 할인 예시 오늘부터 1일 이내 입주 시, 3만 원 할인 제공 오늘 이내 입주 시 5만 원 할인 3일 이내 입주 시","즉시 입주 할인 예시 오늘부터 1일 이내 입주 시, 3만 원 할인 제공 오늘 이내 입주 시 5만 원 할인 3일 이내 입주 시 3만 원 할인 1주 관리비 원 / 1주",약한
10,1,18692,둔촌 2룸 F3,서울특별시 강동구 둔촌동 61-8 태상아트빌아파트 5층 501호,공개,"350,000원","350,000",350000,"330,000원",330000,"120,000",120000,"{""가스"":""포함"",""수도"":""포함"",""전기"":""포함""}",관리비 포함입니다,"120,000",120000,"장기 계약 할인 예시 2주 이상 계약 시, 5% 할인 제공 2주 이상 계약 시 5% 할인 즉시 입주 할인 예시 오늘부터 1일 이내 입주 시, 3만 원 할인 제공 3일 이내 입주 시 3만 원 할인 1주 관리비","즉시 입주 할인 예시 오늘부터 1일 이내 입주 시, 3만 원 할인 제공 3일 이내 입주 시 3만 원 할인 1주 관리비 원 / 1주 삼삼엠투는 관리비 정산을 대행하지 않으므로, 평소 관리비를 고려하여 관리비 설정을 추천드립니다. 관리비 포함 항목 가스",강한
